Pocket id,ResIDs,Contributing Points,Outlier Score,Total Score
21,165 169 191 192 194 195 198 199 241 245 248 249 252,131,4000,4131
24,351 354 355 385 388,157,3000,3157
17,292 295 296 298 299,111,3000,3111
20,291 295 346 349 350 353,231,2000,2231
22,201 202 205 208 209 240 243 244 247 282 286,164,2000,2164
2,144 145 146 147 149 150 151 152 153 155 156 209 210 212 213 214 217 218 221 224 225 228 229 230 232 233 236 237 304 333 334 335 336 337 338 339 340 341 344 345 348 397 400 401 402 403 405 406 407 410 411,190,1000,1190
23,122 126 384 385 388,92,1000,1092
10,133 136 137 140 394 395 397 398 404 405 408,88,1000,1088
12,138 141 142 148 154 157 158 161 230 234 237 238 241,65,1000,1065
16,215 219 292 296,45,1000,1045
14,296 299 300,26,1000,1026
19,280 284 287 288 291 353 356 357 360 361 364,123,0,123
25,162 163 166 167 170 196 199 200 203 352 356 386 389 390,64,0,64
9,108 110 170 173 174 177 178 189 192 193 196 197 200 267 268 269 271 275 276 279 356 359 363 376 379 380 383 386,42,0,42
26,124 127 128 131 171,26,0,26
18,132 135 136,12,0,12
11,113 116 117 120 124 172 175 176 179 180,7,0,7
3,97 98 103 106 107 109 110 370 371 372 373 376,6,0,6
8,109 110 111 112 115 373 377,3,0,3
15,277 280 281 364 367 368,1,0,1
13,173 176 177 182 184 189 192,0,0,0
7,143 144 145 148,0,0,0
6,102 103 104 105 108 258 264 269 270,0,0,0
5,100 101 103 108 263 264 265 266 273 370,0,0,0
4,222 223 224 225 226,0,0,0
1,97 98 104 106 107,0,0,0
